scaffold	type	mismatches	length	repeat
1567_NC_052974.1 |Achromobacter phage vB_AchrS_AchV4	ITR	0	766	GGCTGGCGCTGGTCCTCCTCCTCCTCCTCCGGCTCCTCGGCCGCCCCCTCGCCGGCGCCGTCGCCCGGCGCCGGCTCGCGGTCGCGCCCCGCGCCGCCCAAGCGCCGCGCGCGCGTCTAGCCGGCGCGCGGGCGGCCGCGGCGGCCCCCGTCCCCCCGTCCCCCCGTCCCCCCGTCCCCTCCCGTCCCCTCCCTCCTCCTCGCCCTCGCCCCCTTCCCGACGAACGAACGAACGAATAAACCGCGCGCGCCGGCGCGCGCTCGACCCGACCCCGGCCTCGGTCTCGTGGTGTTCCGGGGGGAGAGGGGGGAGGGGAGGGGAGGGGGAGGGGCGGAGAAGAGGAGCGGGGAGAGCGGGGACGGAGGGCGGGAGGGGAGGGCGGGGAGAGCGGGGACGGACTCGAGGGAGCGGGGACGGAGGGCGGGAGGGGAGGGCGGGGAGGGCGGGGAGGGCGGGGAGGGCGGGACCCGGGGCCGCTCGCGGCCGGCGAGGAGGACGCGGGGCCGCTCGGGGGCACCCGCGGGGACTCGCGGGAGAGGGGAGCGGGGGGAGCGGGCCGCGGGAGAGGAGGGCGGGGGGACCCGGGGCCGCTCGCGGGGACGGACCGACGGACCGACGGACGGACGGACGGACGGACGGACGCGGAGGTGCGAGGAACCAGAACGCCTTTATTCGGGGGGAGGGGGCGGGGGCGCGGAGGGCTCGGAGATCGGGGATCGGCGGCCGCGGCTCAGGGGCGCGCTCAGCGCGCCAGGCTCAGGGCCGC
1086_NC_049805.1 |Lactococcus phage phiQ1 DNA	DTR	0	235	NNNNNNNNNNNNNNNNNNNNNNNNNNNNNNNNNNNNNNNNNNNNNNNNNNNNNNNNNNNNNNNNNNNNNNNNNNNNNNNNNNNNNNNNNNNNNNNNNNNNNNNNNNNNNNNNNNNNNNNNNNNNNNNNNNNNNNNNNNNNNNNNNNNNNNNNNNNNNNNNNNNNNNNNNNNNNNNNNNNNNNNNNNNNNNNNNNNNNNNNNNNNNNNNNNNNNNNNNNNNNNNNNNNNNNNNNNN
1945_NC_030928.1 |Xanthomonas phage f20-Xaj	ITR	0	1609	TCCCGATCCCGCGACTGGGACCTGGACCTCGCGGGCCTGCGCCGCGACATCAACGCCCTCTTCCGTCGGCTCCGCGCCGCCCCCGACCCGCGCGGGGCCGCCAACCGCCTGCGCCGCGTCGTGCGAGACGCCTACCTCATGGGCCTCTCGCGCCGCGGCCTCTTCCCCGACCTCTGGGGCCTCCTGCTCCAGGTTGGCGACGGCGCGCGCGCCCTGCGCCTCGCCCGCGCCGTCGCCGGCGTCGCGGCCCGCCACCCCCCCGGGCCGGCCCCCCTCGCGCTGCCCGCCCTGCGCGCCCCCGAGTACGGCCGCGCCTGCGACCGACTCGGGGCCGGCTCCGACAGCGACGACGAGGGCGTCGACAGCGACGGGGACGACGACGCCCCCTGGGCGTCGCCCGCGAGCTCTTCTCGGGGGGGCGCCTCCTCCGCCTCCTCCCCGGCCTCGCGCTCCCCCTCGCCCGAAGGGGAGGAGAGCTCGCGGGGGGGCGGCTCGTCCTCCTCCTTCCCGCCCTCGCCCGCGTCCTCCCAGACCCTGCTCGAGTTCCCGGCCTGGGCCCGGGCCAGCTCGCCCGGGCCGGCGTCGTCGCCCGCCGCCCCCCCCTCCCCGTCGTCGCCCTCGGCGTCCTCCTCCTCCTGGCCCTCGGTCGTCGTGGCCGACACGAGCTCCAGCGCCTCCGCCTCCTCGCTGATGCGCGTGCGCGTCAGCGGCGGGGGGGGCGGCAGCGCGGCCGGCCGCGGCCTCAGGGCGGCGCCGCTGCTCCCGGACCCGCCCTGAGGCCGCGCGGGGGCGACGGCGGCGGGGAGATCCCCCCGCCCTCCCTCCCCGCAGCCAGCCGCGTGCGCCGATGACGACGACGATAATAAACGCGCCCGGGCGTCCGGGTTTTTTCACAAAAAACTCGCAGTGCGGTGTCTGTCTGTGGGGGTCTGGGCCCGCGAGGGCGTGCGGGTCTGCGGGGGTCGGTGGGTCCGAGTCCGGGGGCCGTCGCCCGGGGTTCGGGCGGGTGTGGGCCCGCGAGTCGGCGGGGGCGAGACGGGACGGACCGAGGGGGGCCACGCGCGATGATAGCGGCCACCCAGGGGCGGGCCCCTCTCCCCCGCCCCTCTCCCCCGCCCCTCTCCCCCGCCCCTCTCCCCCGCCCCTCTCCCCCGCCCCTCTCCCCCGCCCCTCTCCCCCGCCCCTCTCCCCCGCCCCTCTCCCCCGCCCCTCTCCCCCGCCCCTCTCCCCCGCCCCTCTCCCCCGCCCCTCTCCCCCGCCCCTCTCCCCCGCCCCTCTCCCCCGCCCCTCTCCCCCGCCCCTCTCCCCCACGGAAGGACGCGAGGCGGGCCCGGCGGGCGTCTGTTTATTATTCATCATCGACCGGCGGGGGACGGGGTCGGGGGACGGGGACGGGGACGGGGACGGGGACGGGGACGGGGACGGGGACGGGGGGGCGGCGGCTAGGGCCCGCGCGCCAGCCACACGACCAGCGCCCCCAGGCCCGCCGACGCGGCGCACGCGGCGGCCGCGCCGAGCGCGGCGGCGGCCCACGCGCACGCGCGGCGGCGTCGGCGCGCGGCGGCGCGCTGGCGGCCCGCGCGCAGGAGGAAGTCCCCGGCGGCCTCAT
NC_031008.1 |Staphylococcus phage SLPW, complete genome	ITR	0	127	AATCCAATGTTACAAAATCCATTAAATAATAAATTTAGAGAGGGGGTATAATATGAACGAAGTAAAATTCAGATTTACGGACACAGAAGCGTTTCATATGTTCATATATGCTGGTGATTTAAAATTA
5539_NC_030928.1 |Xanthomonas phage f20-Xaj	DTR	0	3864	CTCCGCCGGGTGGCCCTGGGGTAAGTCTGGGAGGCAGAGGGTCGGCCTAGGCCCGGGGAAGTGGAGGGGGATCGCCCGGGTCTCTGTTGGCAGAGTCCGGGCGATCCTCTGAGACCCTCCGGGCCCGGACGGTCGCCCTCAGCCCCCCAGACAGACCCCAGGGTCTCCAGGCAGGGTCCGGCATCTTCAGGGGCAGCAGGCTCACCACCACAGGCCCCCCAGACCCGGGTCTCGGCCAGCCGAGCCGACCGGCCCCGCGCCTGGCGCCTCCTCGGGGCCAGCCGCCGGGGTTGGTTCTGCCCCTCTCTCTGTCCTTCAGAGGAACCAGGGACCTCGGGCACCCCAGAGCCCCTCGGGCCCGCCTCCAGGCGCCCTCCTGGTCTCCGCTCCCCTCTGAGCCCCGTTAAACCCAAAGAATGTCTGAGGGGAGCCACCCTCGGGGCCCAGGCCCCAGAGTCCAGAGGTCAGGGGCACCTCAGGGTGCCTCCCCGGGTCCCAGGCCAGCCGGAGGGACCCCGGCAGCCCGGGCGGCCCCAGAGGCCGGTTCCTCGCCCCTTCCCCGGGCTTCAGAGCCCAGGATGTCCCCCAGAAGGGACCCTAGGCGTCCCCTCTCCTCCCCTCCAGGCCCGAGCCTCTCCCTCGCGGAGAGGGGCCTCTTTGGGCCCTCAAGTCCAGCCCCACCGAGACCCGAGTGGCCCGGATCCCCCCACCGGCCCTTCTCTCTGTCCCCCTGCTCCTCTCCAACCTTCGCTCCACCCTAGACCCCAGCTTCTGGCCTCCCCGGGTCCACCAGGCCAGCCGGAGGGACCCCGGCAGCCCGGGCGAGTCGCCTTCCCTCTCCCCTGGCCTCTCCTTCCCGCCTCCCACCCGAGCCCCCTCAGCTTGCCTCCCCACCGGGTCCATCAGGCCGGCCGGAGGGACCCCGGCGGCCCGGTGTCAGTCCCCCCTGCAGCCGCCCAGTCTCTGCCTCCAGGCAAGGGCGCCAGCTTTTCTCCCCCCAGCCTGAGGCCCAGTCTCCTGTGCACTGTCTGTAAAGTCCAGCCTCCCACGCCCGTCCACGGCTCCCGGGCCCAGCCTCGTCCACCCCTCCCCACGGTGGACAGGCCCTCTGTCCACCCGGGCCATCCCCGCCCCCCTGTGTCCACCCCAGTCCCGTCCAGGGGGGACTTTATGTGACCCTTGGGCCTGGCTCCCCATAGACTCCCATGTAAGCCTGCCTCGAGTAGGTGCCTCCAGAGCCCCTTTTGCCCCCCTGGCGGCCCAGCCCGACCCCCGGGCGCCCCCAAACTTTGTCCAGATGTCCAGGGGTCCCCGAGGGTGAGGCCCAGCCCCCTCCCGCCCCTGTCCACTGCCCCGGTCCCCCCAGAAGCCCCCAAAAGTAGAGGCTCAGGCCATGCGCGCCCTGTCACCAGGCCTGCCAAAGAGCCAGATCTAAGGCCGGGAGAGGCAGCCCCAAAGCGGGTGCAGTAACAGGTAATCTCTGGTAGTGATTTGGACCCGAAATCTGACACTTTAGAGCTCTGGAGGACTTTAAAACTCTAAAAATCAAAACTTTAGAGGCGAATGGGCGCCATTTTGTCCCCACGCGCGCATAATGGCGGACCTAGGCCTAAAACCCCCAGGAAGCGGGTCTATGGTTGGCTGCGCTGCTGCTATCTTTAGAGGGGAAAAGAGGAATAAGCCCCCAGACAGGGGAGTGGGCTTGTTTGTGACTTCACCAAAGGTCAGGGCCCAAGGGGGTTCGCGTTGCTAGGCCACCTTCTCAGTCCAGCGCGTTTACGTAAGCCAGACAGCAGCCAATTGTCAGTTCTAGGGAGGGGGACCACTGCCCCTGGTATAAAGTGGTCCTGCAGCTATTTCTGGTCGCATCAGAGCGCCAGGAGTCCACACAAATGTAAGAGGGGGTCTTCTACCTCTCCCTAGCCCTCCGCCCCCTCCAAGGACTCGGGCCCAGTTTCTAACTTTTCCCCTTCCCTCCCTCGTCTTGCCCTGCGCCCGGGGCCACCTTCATCACCGTCGCTGACTCCGCCATCCAAGCCTAGGGGAGACCGAAGTGAAGGCCCTGGACCAACCCGGCCCGGGCCCCCCGGTATCGGGCCAGAGGTAAGTGGACTTTAATTTTTTCTGCTAAGCCCAACACTCCACCACACCCAGGCACACACTACACACACCCACCCGTCTCAGGGTCCCCTCGGACAGCTCCTAAGAAGGCACCGGTCGCCCAGTCCTACCAGAGGGGGCCAAGAACCCAGACGAGTCCGTAGAAGGGTCCTCGTCCAGCAAGAAGAGGAGGTGGTAAGCGGTTCACCTTCAGGGGTAAGTAACCTGACCTCTCCAGGGCTCACATAAAGGGAGGCTTAGTATACATGCTTCTTGCTTTTCACAGGAACCTGGGGGCTAGTCTGGGTGGGATTAGGCTGCCTCAAGTTGCATCAGCCAGGGCTTCATGCCCTCCTCAGTTCCCTAGTCCCCGGGCTTCAGGCCCCCTCCGTCCCCGTCCTCCAGAGACCCGGGCTTCAGGCCCTGCCTCTCCTGTTACCCTTTTAGAACCACAGCCTGGACACATGTGCCAGACGCCTTGGCCTCTAAGGCCCTCGGGTCCCCCTGGACCCCGGCCTCAGCAACCCTGCTGCTCCCCTCCTGCCACCCCAGCCTCCCCCCCTCCCCGTCCCCCTTCGCTCCTGATCCTCCCCCGGTCCCCAGTAGGGCCGCCTGCCCCCCTGCACCCAGTACCTGCCCCTCTTGGCCACGCACCCCGGGCCAGGCCACCTTAGACCCGGCCAAGCCCCATCCCTGAAGACCCAGCGGCCATTCTCTCTGGTAACGAGCAGAGAAGAAGTAGAGGCCCGCGGCCATTGGGCCCAGATTGAGAGACCAGTCCAGGGGCCCGAGGTTGGAGCCAGCGGGCACCCGAGGTCCCAGCACCCGGTCCCTCCGGGGGGCAGAGACAGGCAGGGCCCCCCGGCAGCTGGCCCCGAGGAGGCGCCCGGAGTGGGGCCGGTCGGCTGGGCTGGCCGAGCCCGGGTCTGGGAGGTCTGGGGTGGCGAGCCTGCTGTCTCAGGAGGGGCCTGGCTCCGCCGGGTGGCCCTGGGGTAAGTCTGGGAGGCAGAGGGTCGGCCTAGGCCCGGGGAAGTGGAGGGGGATCGCCCGGGTCTCTGTTGGCAGAGTCCGGGCGATCCTCTGAGACCCTCCGGGCCCGGACGGTCGCCCTCAGCCCCCCAGACAGACCCCAGGGTCTCCAGGCAGGGTCCGGCATCTTCAGGGGCAGCAGGCTCACCACCACAGGCCCCCCAGACCCGGGTCTCGGCCAGCCGAGCCGACCGGCCCCGCGCCTGGCGCCTCCTCGGGGCCAGCCGCCGGGGTTGGTTCTGCCCCTCTCTCTGTCCTTCAGAGGAACCAGGGACCTCGGGCACCCCAGAGCCCCTCGGGCCCGCCTCCAGGCGCCCTCCTGGTCTCCGCTCCCCTCTGAGCCCCGTTAAACCCAAAGAATGTCTGAGGGGAGCCACCCTCGGGGCCCAGGCCCCAGAGTCCAGAGGTCAGGGGCACCTCAGGGTGCCTCCCCGGGTCCCAGGCCAGCCGGAGGGACCCCGGCAGCCCGGGCGGCCCCAGAGGCCGGTTCCTCGCCCCTTCCCCGGGCTTCAGAGCCCAGGATGTCCCCCAGAAGGGACCCTAGGCGTCCCCTCTCCTCCCCTCCAGGCCCGAGCCTCTCCCTCGCGGAGAGGGGCCTCTTTGGGCCCTCAAGTCCAGCCCCACCGAGACCCGAGTGGCCCGGATCCCCCCACCGGCCCTTCTCTCTGTCCCCCTGCTCCTCTCCAACCTTCGCTCCACCCTAGACCCCAGCTTCTGGCCTCCCCGGGTCCACCA
1013_NC_027983.1 |Enterobacteria phage AR1 DNA	DTR	1	37	CATTCTTGCAAAAGGTAACATAAATCCCTCCTTTATT
2738_NC_027983.1 |Enterobacteria phage AR1 DNA	ITR	1	450	GGTACAGCAAAGAGCACTTATGCAGTGTTGTTACACAGTGTTCTAAAGATTTTGTGCAAATGTTGTTTTCCCCGATAGTGCCCCTCTTGAGACATACACAGATAGCGCAAGAATGCTGAGACGGTTGCTTAAATCAAAGTTAAAGTATGTGTTCTGTTTTCCCCATAAAGTGTCCGAGGCCTAGTCTGAATGCAGCTTGCGGCCGGAGCTCAAAACACAAGATAAGTATATGTTTTTATGTTCACTAACAAAGGGGAAGGGGTCAGGGGTCTGTCTTATAACATGTACGTGTCTCCGCCTCACAGATTCTGGCATAATTTTTTAAATATGAGCGTTTAAAGGGAAGCGGTGCAGTGTGACGCAGTTTTAATTCTGCCGAGAGACCGTCCTGTTTATTGTGTGAAATAAAAGCAAAAAGGTACTTATGCCTCCGACGAGATGGTCTCCTCC
1140_NC_015568.1 |Clostridium phage phiCD38-2	DTR	0	3870	GGGCCCAGGCCCCAGAGTCCAGAGGTCAGGGGCACCTCAGGGTGCCTCCCCGGGTCCCAGGCCAGCCGGAGGGACCCCGGCAGCCCGGGCGGCCCCAGAGGCCGGTTCCTCGCCCCTTCCCCGGGCTTCAGAGCCCAGGGTGTCCCCCAGAAGGGACCCTAGGCGTCCCCTCTCCTCCCCTCCAGGCCCGAGCCTCTCCCTCGCGGAGAGGGGCCTCTTCGAGCCCTCAAGTCCAGTCCCACCGAGACCCGAGTGGCCCGGATCCCCCACCGGCCCTTCTCTTTCCCCCTACTCCTCTCCAACCTTCGCTCCACCCTAGACCCCAGCTTCTGGCCTCCCCGGGTCCACCAGGCCAGCCGGAGGGACCCCGGCAGCCCGGGCGAGTCGCCTTCCCTCTCCCCTGGCCTCTCCTTCCCGCCTCCCACCCGAGCCCCCTCAGCTTGCCTCCCCACCGGGTCCATCAGGCCGGCCGGAGGGACCCCGGCGGCCCGGTGTCAGTTCCCCCTGCAGCCGCCCAGTCTCTGCCTCCAGGCAAGGGCGCCAGCTTTTCTCCCCCCAGCCTGAGGCCCAGGCTCCTGTGCACTGTCTGTAAAGTCCAGCCTCCCACGCCCGTCCACGGCTCCCAGGCCCAGCCCCGTCCACCCCTCCCCACGTTGGACAGGCCCTCTGTCCACCCGGGCCATCCCCGCCCCCCTGTGTCCACCCCAGTCCCGTCCAGGGGGGACTTTATGTGACCCTTGGGCCTGGCTCCCCATAGACTCCCATGTAAGCCTGCCTCGAGTAGGTGCCTCCAGAGCCCCTTTTGCCCCCCTGGCGGCCCAGCCCGACCCCCGGGCGCCCCCAAACTTTGTCCAGATGTCCAGGGGTCCCCGAGGGCGAGGCCCAGCCCCCTCCCGCCCCTGTCCACTGCCCCGGTCCCCCCAGAAGCCCCCAAAAGTAGAGGCTCAGGCCATGCGCGCCCTGTCACCAGGCCTGCCAAAGAGCCAGATCTAAGGCCGGGAGAGGCAGCCCCAAAGCGGGTGCAGTAACAGGTAATCTCTGGTAGTGATTTGGACCCGAAATCTGACACTTTAGAGCTCTGGAGGACTTTAAAACTCTAAAAATCAAAACTTTAGAGGCGAATGGGCGCCATTTTGTCCCCACGCGCGCATAATGGCGGACCTAGGCCTAAAACCCCCAGGAAGCGGGTCTATGGTTGGCTGCGCTGCTGCTATCTTTAGAGGGGAAAAGAGGAATAAGCCCCCAGACAGGGGAGTGGGCTTGTTTGTGACTTCACCAAAGGTCAGGGCCCAAGGGGGTTCGCGTTGCTAGGCCACCTTCTCAGTCCAGCGCGTTTACGTAAGCCAGACAGCAGCCAATTGTCAGTTCTAGGGAGGGGGACCACTGCCCCTGGTATAAAGTGGTCCTGCAGCTATTTCTGGTCGCATCAGAGCGCCAGGAGTCCACACAAATGTAAGAGGGGGTCTTCTACCTCTCCCTAGCCCTCCGCCCCCTCCAAGGACTCGGGCCCAGTTTCTAACTTTTTCCCCTTCCCTCCCTCGTCTTGCCCTGCGCCTGGGGCCACCTTCATCACCGTCGCTGACTCCGCCATCCAAGCCTAGGGGAGACCGAAGTGAAGTCCCTGGACCAGCCCGGCCCGGGCCCCCCGGTATCGGGCCAGAGGTAAGTGGACTTTAATTTTTTCTGCTAAGCCCAACACTCCACCACACCCAGGCACACACTACACACACCCACCCGTCTCAGGGTCCCCTCGGACAGCTCCTAAGAAGGCACCGGTCGCCCAGTCCTACCAGAGGGGGCCAAGAACCCAGACGAGTCCGTAGAAGGGTCCTCGTCCAGCAAGAAGAGGAGGTGGTAAGCGGTTCACCTTCAGGGGTAAGTAACCTGACCTCTCCAGGGCTCACATAAAGGGAGGCTTAGTATACATGCTTCTTGCTTTTCACAGGAACCTGGGGGCTAGTCTGGGTGGGTTTAGGCTGCCTCAAGTTGCATCAGCCAGGGCTTCATGCCCTCCTCAGTTCCCTAGTCCCCGGGCTTCAGGCCCCCTCCGTCCCCGTCCTCCAGAGACCCGGGCTTCAGGCCCTGCCTCTCCTGTTACCCTTTTAGAACCACAGCCTGGACACATGTGCCAGACGCCTGGGCCTCTAAGGCCCTCGGGTCCCCCTGGACCCCGGCCTCAGCAACCCTGCTGCTCCCCTCCTGCCACCCCAGCCTCCCCCCCTCCCCGTCCCCCTTCGCTCCTTATCCTCCCCCGGTCCCCAGTAGGGCCGCCTGCCCCCCTGCACCCAGTACCTGCCCCTCTTGGCCACGCACCCCGGGCCAGGCCACCTTAGACCCGGCCAAGCCCCATCCCTGAAGACCCAGCGGCCATTCTCTCTGGTAACGAGCAGAGAAGAAGTAGAGGCCCGCGGCCATTGGGCCCAGATTGAGAGACCAGTCCAGGGGCCCGAGGTTGGAGCCAGCGGGCACCCGAGGTCCCAGCACCCGGTCCCTCCGGGGGGCAGAGACAGGCAGGGCCCCCCGGCAGCTGGCCCCGAGGAGGCGCCCGGAGTGGGGCCGGTCGGCTGGGCTGGCCGAGCCCGGGTCTGGGAGGTCTGGGGTGGCGAGCCTGCTGTCTCAGGAGGGGCCTGGCTCCGCCGGGTGGCCCTGGGGTAAGTCTGGGAGGCAGAGGGACGGCCTAGGCCCGGGGAAGTGGAGGGGGATCGCCCGGGTCTCTGTTGGCAGAGTCCGGGCGATCCTCTGAGACCCTCCGGGCCCGGACGGCCGCCCTCGGCCCCCCAGACAGACCCCAGGGTCTCCAGGCAGGGTCCGGCATCTCCAGGGGCAGCAGGCTCACCACCACAGGCCCCCCAGACCCGGGTCTCGGCCAGCCGAGCCGACCGGCCCCGCGCCGGGCGCCTCCTCGGAGCCAGCCCCCGGGGTTGGTTCTGCCCCTCTCTCTGTCCTTCAGAGGAACCAGGGACCTCGGGCACCCCAGAGCCCCTCGGGCCCGCCTCCAGGCGCCCTCCTGGTCTCCGCTCCCCTCTGAGCCCCGTTAAACCCAAAGAATGTCTGAGGGGAGCCACCCTCGGGGCCCAGGCCCCAGAGTCCAGAGGTCAGGGGCACCTCAGGGTGCCTCCCCGGGTCCCAGGCCAGCCGGAGGGACCCCGGCAGCCCGGGCGGCCCCAGAGGCCGGTTCCTCGCCCCTTCCCCGGGCTTCAGAGCCCAGGGTGTCCCCCAGAAGGGACCCTAGGCGTCCCCTCTCCTCCCCTCCAGGCCCGAGCCTCTCCCTCGCGGAGAGGGGCCTCTTCGAGCCCTCAAGTCCAGTCCCACCGAGACCCGAGTGGCCCGGATCCCCCACCGGCCCTTCTCTTTCCCCCTACTCCTCTCCAACCTTCGCTCCACCCTAGACCCCAGCTTCTGGCCTCCCCGGGTCCACCAGGCCAGCCGGAGGGACCCCGGCAGCCCGGGCGAGTCGCCTTCCCTCTCCCCTGGCCTCTCCTTCCCGCCTCCCACCCGAGCCCCCTCAGCTTGCCTCCCCACCGGGTCCATCAGGCCGGCCGGAGGGACCCCGGCGGCCCGGTGTCAGTTCCCCCTGCAGCCGCCCAGTCTCTGCCTCCAGGCAAGGGCGCCAGCTTTTCTCCCCCCAGCCTGAGGCCCAGGCTCCTGTGCACTGTCTGTAAAGTCCAGCCTCCCACGCCCGTCCACGGCTCCCAGGCCCAGCCCCGTCCACCCCTCCCCACGTTGGACAGGCCCTCTGTCCACCCGGGCCATCCCCGCCCCCCTGTGTCCACCCCAGTCCCGTCCAGGGGGGACTTTATGTGACCCTTGGGCCTGGCTCCCCATAGACTCCCATGTAAGCCTGCCTCGAGTAGGTGCCTCCAGAGCCCC
2162_NC_015568.1 |Clostridium phage phiCD38-2	DTR	0	3228	CCCCCCCGGGGGTGTCCAAATAAGGGGGGCTATCAACGAGCCGTTCCGCCGTCCCTCGTCACGCTCCGGTGCCCCTTCACTGGGTCCAGTCACGCTCGGGCGCCCCCCGCCCCGCCGTTCGCCACGCATCATTGAGCACGGATTGGGATCCCGCGACCGCCCCGGCCACGCCCACCCCCGCTCCAGGGGTCCCGCGCCCACCGGTTCCTCTCGCGAGCAGCGCGCCGGGGGGACGCCTTCCTCGGCGGGTGGAGGCCACGCCCCCCTCACTTTTTTCTGGCCGGCGCGGGGCAAGGGCACCCCCCCCCACCCCAAAACCTACCCCAAGCCCCCCCGGGGGTGTCCAAATAAGGGGGGCTATCAACGAGCCGTTCCGCCGTCCCTCGTCACGCTCCGGTGCCCCTTCACTGGGTCCAGTCACGCTCGGGCGCCCCCCGCCCCGCCGTTCGCCACGCATCATTGAGCACGGATTGGGATCCCGCGACCGCCCCGGCCACGCCCACCCCCGCTCCAGGGGTCCCGCGCCCACCGGTTCCTCTCGCGAGCAGCGCGCCGGGGGGACGCCTTCCTCGGCGGGTGGAGGCCACGCCCCCCTCACTTTTTTCTGGCCGGCGCGGGGCAAGGGCACCCCCCCCCACCCCAAAACCTACCCCAAGCCCCCCCGGGGGTGTCCAAATAAGGGGGGCTATCAACGAGCCGTTCCGCCGTCCCTCGTCACGCTCCGGTGCCCCTTCACTGGGTCCAGTCACGCTCGGGCGCCCCCCGCCCCGCCGTTCGCCACGCATCATTGAGCACGGATTGGGATCCCGCGACCGCCCCGGCCACGCCCACCCCCGCTCCAGGGGTCCCGCGCCCACCGGTTCCTCTCGCGAGCAGCGCGCCGGGGGGACGCCTTCCTCGGCGGGTGGAGGCCACGCCCCCCTCACTTTTTTCTGGCCGGCGCGGGGCAAGGGCACCCCCCCCCACCCCAAAACCTACCCCAAGCCCCCCCGGGGGTGTCCAAATAAGGGGGGCTATCAACGAGCCGTTCCGCCGTCCCTCGTCACGCTCCGGTGCCCCTTCACTGGGTCCAGTCACGCTCGGGCGCCCCCCGCCCCGCCGTTCGCCACGCATCATTGAGCACGGATTGGGATCCCGCGACCGCCCCGGCCACGCCCACCCCCGCTCCAGGGGTCCCGCGCCCACCGGTTCCTCTCGCGAGCAGCGCGCCGGGGGGACGCCTTCCTCGGCGGGTGGAGGCCACGCCCCCCTCACTTTTTTCTGGCCGGCGCGGGGCAAGGGCACCCCCCCCCACCCCAAAACCTACCCCAAGCCCCCCCGGGGGTGTCCAAATAAGGGGGGCTATCAACGAGCCGTTCCGCCGTCCCTCGTCACGCTCCGGTGCCCCTTCACTGGGTCCAGTCACGCTCGGGCGCCCCCCGCCCCGCCGTTCGCCACGCATCATTGAGCACGGATTGGGATCCCGCGACCGCCCCGGCCACGCCCACCCCCGCTCCAGGGGTCCCGCGCCCACCGGTTCCTCTCGCGAGCAGCGCGCCGGGGGGACGCCTTCCTCGGCGGGTGGAGGCCACGCCCCCCTCACTTTTTTCTGGCCGGCGCGGGGCAAGGGCACCCCCCCCCACCCCAAAACCTACCCCAAGCCCCCCCGGGGGTGTCCAAATAAGGGGGGCTATCAACGAGCCGTTCCGCCGTCCCTCGTCACGCTCCGGTGCCCCTTCACTGGGTCCAGTCACGCTCGGGCGCCCCCCGCCCCGCCGTTCGCCACGCATCATTGAGCACGGATTGGGATCCCGCGACCGCCCCGGCCACGCCCACCCCCGCTCCAGGGGTCCCGCGCCCACCGGTTCCTCTCGCGAGCAGCGCGCCGGGGGGACGCCTTCCTCGGCGGGTGGAGGCCACGCCCCCCTCACTTTTTTCTGGCCGGCGCGGGGCAAGGGCACCCCCCCCCACCCCAAAACCTACCCCAAGCCCCCCCGGGGGTGTCCAAATAAGGGGGGCTATCAACGAGCCGTTCCGCCGTCCCTCGTCACGCTCCGGTGCCCCTTCACTGGGTCCAGTCACGCTCGGGCGCCCCCCGCCCCGCCGTTCGCCACGCATCATTGAGCACGGATTGGGATCCCGCGACCGCCCCGGCCACGCCCACCCCCGCTCCAGGGGTCCCGCGCCCACCGGTTCCTCTCGCGAGCAGCGCGCCGGGGGGACGCCTTCCTCGGCGGGTGGAGGCCACGCCCCCCTCACTTTTTTCTGGCCGGCGCGGGGCAAGGGCACCCCCCCCCACCCCAAAACCTACCCCAAGCCCCCCCGGGGGTGTCCAAATAAGGGGGGCTATCAACGAGCCGTTCCGCCGTCCCTCGTCACGCTCCGGTGCCCCTTCACTGGGTCCAGTCACGCTCGGGCGCCCCCCGCCCCGCCGTTCGCCACGCATCATTGAGCACGGATTGGGATCCCGCGACCGCCCCGGCCACGCCCACCCCCGCTCCAGGGGTCCCGCGCCCACCGGTTCCTCTCGCGAGCAGCGCGCCGGGGGGACGCCTTCCTCGGCGGGTGGAGGCCACGCCCCCCTCACTTTTTTCTGGCCGGCGCGGGGCAAGGGCACCCCCCCCCACCCCAAAACCTACCCCAAGCCCCCCCGGGGGTGTCCAAATAAGGGGGGCTATCAACGAGCCGTTCCGCCGTCCCTCGTCACGCTCCGGTGCCCCTTCACTGGGTCCAGTCACGCTCGGGCGCCCCCCGCCCCGCCGTTCGCCACGCATCATTGAGCACGGATTGGGATCCCGCGACCGCCCCGGCCACGCCCACCCCCGCTCCAGGGGTCCCGCGCCCACCGGTTCCTCTCGCGAGCAGCGCGCCGGGGGGACGCCTTCCTCGGCGGGTGGAGGCCACGCCCCCCTCACTTTTTTCTGGCCGGCGCGGGGCAAGGGCACCCCCCCCCACCCCAAAACCTACCCCAAGCCCCCCCGGGGGTGTCCAAATAAGGGGGGCTATCAACGAGCCGTTCCGCCGTCCCTCGTCACGCTCCGGTGCCCCTTCACTGGGTCCAGTCACGCTCGGGCGCCCCCCGCCCCGCCGTTCGCCACGCATCATTGAGCACGGATTGGGATCCCGCGACCGCCCCGGCCACGCCCACCCCCGCTCCAGGGGTCCCGCGCCCACCGGTTCCTCTCGCGAGCAGCGCGCCGGGGGGACGCCTTCCTCGGCGGGTGGAGGCCACGCCCCCCTCACTTTTTT
NC_001491.2 |Equid herpesvirus 1, complete genome	ITR	0	87	GGCCAGGCTCTCTCTCGGGCGCGGGCCCGTGAAAAAAATTTTTCGGCCTCGCGACGGCCTCGAAGAAAACCGTAGAGGGGAGTGGGG
